{"cameraMode":{"drawMode":0,"name":"Shaded","section":"Shading Mode"},"sceneLighting":false,"audioPlay":false,"sceneViewState":{"m_AlwaysRefresh":false,"showFog":true,"showSkybox":false,"showFlares":true,"showImageEffects":true,"showParticleSystems":true,"showVisualEffectGraphs":true,"m_FxEnabled":true},"in2DMode":false,"pivot":{"x":0.49799999594688418,"y":1.3080999851226807,"z":10.958000183105469},"rotation":{"x":-0.11786625534296036,"y":0.7388805150985718,"z":-0.13325373828411103,"w":-0.6502840518951416},"size":0.2573697865009308,"orthographic":false}